{
    "acidity": [
        6.5500000000012,
        6.839999999999651,
        7.129999999998103,
        7.419999999996555,
        7.709999999995007,
        7.999999999993459,
        8.28999999999191,
        8.579999999990362,
        8.869999999988813,
        9.159999999987265
    ],
    "turbidity": [
        2.2,
        2.4000000000000004,
        2.6,
        2.8,
        3.0,
        3.2,
        3.4000000000000004,
        3.6000000000000005,
        3.8,
        4.0
    ]
}